Workbook

Sheet #1
B2: Total games | C2: 4000
B3: Average ticket | C3: 500
B4: Monthly growth | C4: 0.02
B6: Metric | C6: Jan | D6: Feb | E6: Mar | F6: Apr | G6: May | H6: Jun | I6: Jul | J6: Ago | K6: Sep | L6: Oct | M6: Nov | N6: Dec
B7: Page views | C7: 150000 | D7: =C7+C8 -> 153000 | E7: =D7+D8 -> 156060 | F7: =E7+E8 -> 159181.2 | G7: =F7+F8 -> 162364.82 | H7: =G7+G8 -> 165612.12 | I7: =H7+H8 -> 168924.36 | J7: =I7+I8 -> 172302.85 | K7: =J7+J8 -> 175748.91 | ... N7: =M7+M8 -> 186506.15
B8: New registrations | C8: =C7*$C$4 -> 3000 | D8: =D7*$C$4 -> 3060 | E8: =E7*$C$4 -> 3121.2 | F8: =F7*$C$4 -> 3183.624 | G8: =G7*$C$4 -> 3247.2965 | H8: =H7*$C$4 -> 3312.2424 | I8: =I7*$C$4 -> 3378.4873 | J8: =J7*$C$4 -> 3446.057 | ... N8: =N7*$C$4 -> 3730.1229
C9: =C7*$C$3 -> 75000000 | D9: =D7*$C$3 -> 76500000 | E9: =E7*$C$3 -> 78030000 | F9: =F7*$C$3 -> 79590600 | G9: =G7*$C$3 -> 81182412 | H9: =H7*$C$3 -> 82806060 | I9: =I7*$C$3 -> 84462181 | J9: =J7*$C$3 -> 86151425 | ... N9: =N7*$C$3 -> 93253073
B10: Conversion new | C10: =C8*$C$3 -> 1500000 | D10: =D8*$C$3 -> 1530000 | E10: =E8*$C$3 -> 1560600 | F10: =F8*$C$3 -> 1591812 | G10: =G8*$C$3 -> 1623648.2 | H10: =H8*$C$3 -> 1656121.2 | I10: =I8*$C$3 -> 1689243.6 | J10: =J8*$C$3 -> 1723028.5 | ... N10: =N8*$C$3 -> 1865061.5
B11: Deposits | C11: =C9+C10 -> 76500000 | D11: =D9+D10 -> 78030000 | E11: =E9+E10 -> 79590600 | F11: =F9+F10 -> 81182412 | G11: =G9+G10 -> 82806060 | H11: =H9+H10 -> 84462181 | I11: =I9+I10 -> 86151425 | J11: =J9+J10 -> 87874454 | ... N11: =N9+N10 -> 95118135
A13: Per game | B13: Concept | C13: Jan | D13: Feb | E13: Mar | F13: Apr | G13: May | H13: Jun | I13: Jul | J13: Ago | K13: Sep | L13: Oct | M13: Nov | N13: Dec
B14: Page views | C14: =C7/$C$2 -> 37.5 | D14: =D7/$C$2 -> 38.25 | E14: =E7/$C$2 -> 39.015 | F14: =F7/$C$2 -> 39.7953 | G14: =G7/$C$2 -> 40.591206 | H14: =H7/$C$2 -> 41.40303 | I14: =I7/$C$2 -> 42.231091 | J14: =J7/$C$2 -> 43.075713 | ... N14: =N7/$C$2 -> 46.626537 | O14: =N14/C14 -> 1.2433743
B15: New registration | C15: =C8/$C$2 -> 0.75 | D15: =D8/$C$2 -> 0.765 | E15: =E8/$C$2 -> 0.7803 | F15: =F8/$C$2 -> 0.795906 | G15: =G8/$C$2 -> 0.81182412 | H15: =H8/$C$2 -> 0.8280606 | I15: =I8/$C$2 -> 0.84462181 | J15: =J8/$C$2 -> 0.86151425 | ... N15: =N8/$C$2 -> 0.93253073
B16: Deposit recurrent | C16: =C9/$C$2 -> 18750 | D16: =D9/$C$2 -> 19125 | E16: =E9/$C$2 -> 19507.5 | F16: =F9/$C$2 -> 19897.65 | G16: =G9/$C$2 -> 20295.603 | H16: =H9/$C$2 -> 20701.515 | I16: =I9/$C$2 -> 21115.545 | J16: =J9/$C$2 -> 21537.856 | ... N16: =N9/$C$2 -> 23313.268 | O16: =N16/C16 -> 1.2433743
B17: Deposit new | C17: =C10/$C$2 -> 375 | D17: =D10/$C$2 -> 382.5 | E17: =E10/$C$2 -> 390.15 | F17: =F10/$C$2 -> 397.953 | G17: =G10/$C$2 -> 405.91206 | H17: =H10/$C$2 -> 414.0303 | I17: =I10/$C$2 -> 422.31091 | J17: =J10/$C$2 -> 430.75713 | ... N17: =N10/$C$2 -> 466.26537 | O17: =N17/C17 -> 1.2433743
B18: Total deposit | C18: =C16+C17 -> 19125 | D18: =D16+D17 -> 19507.5 | E18: =E16+E17 -> 19897.65 | F18: =F16+F17 -> 20295.603 | G18: =G16+G17 -> 20701.515 | H18: =H16+H17 -> 21115.545 | I18: =I16+I17 -> 21537.856 | J18: =J16+J17 -> 21968.613 | ... N18: =N16+N17 -> 23779.534
B19: New players - Time session (minutes) | C19: 18 | D19: 16 | E19: 13 | F19: 15 | G19: 16 | H19: 18 | I19: 15 | J19: 13 | K19: 18 | L19: 16 | M19: 13 | N19: 15
B20: Frecuent players - Time session | C20: 47 | D20: 48 | E20: 49 | F20: 48 | G20: 47 | H20: 48 | I20: 49 | J20: 47 | K20: 46 | L20: 47 | M20: 48 | N20: 49
B23: Click events | C23: Jan | D23: Feb | E23: Mar | F23: Apr | G23: May | H23: Jun | I23: Jul | J23: Ago | K23: Sep | L23: Oct | M23: Nov | N23: Dec
B24: Page Views | C24: 150000 | D24: 153000 | E24: 156060 | F24: 159181.2 | G24: 162364.82 | H24: 165612.12 | I24: 168924.36 | J24: 172302.85 | K24: 175748.91 | L24: 179263.89 | M24: 182849.16 | N24: 186506.15
B25: Button Click Play - Play Here | C25: 145000 | D25: 152000 | E25: 150060 | F25: 154000 | G25: 157000 | H25: 160000 | I25: 163000 | J25: 167000 | K25: 170000 | L25: 174000 | M25: 180000 | N25: 182000
B26: Click PAY | C26: =C24*0.14 -> 21000 | D26: 20000 | E26: 20400 | F26: 21549 | G26: 20200 | H26: 21444 | I26: 22345 | J26: 24999 | K26: 25788 | L26: 26888 | M26: 27454 | N26: 30556
B27: CTR | C27: =(C26/C24) -> 0.14 | D27: =(D26/D24) -> 0.13071895 | E27: =(E26/E24) -> 0.13071895 | F27: =(F26/F24) -> 0.13537403 | G27: =(G26/G24) -> 0.12441118 | H27: =(H26/H24) -> 0.12948328 | I27: =(I26/I24) -> 0.13227814 | J27: =(J26/J24) -> 0.14508756 | ... N27: =(N26/N24) -> 0.16383374
B28: Demo Views | C28: =C24*0.77 -> 115500 | D28: =D24*0.77 -> 117810 | E28: =E24*0.77 -> 120166.2 | F28: =F24*0.77 -> 122569.52 | G28: =G24*0.77 -> 125020.91 | H28: =H24*0.77 -> 127521.33 | I28: =I24*0.77 -> 130071.76 | J28: =J24*0.77 -> 132673.19 | ... N28: =N24*0.77 -> 143609.73
D30: =D24/C24 -> 1.02 | E30: =E24/D24 -> 1.02 | F30: =F24/E24 -> 1.02 | G30: =G24/F24 -> 1.02 | H30: =H24/G24 -> 1.02 | I30: =I24/H24 -> 1.02 | J30: =J24/I24 -> 1.02 | K30: =K24/J24 -> 1.02 | ... N30: =N24/M24 -> 1.02
N32: =N24-C24 -> 36506.146
M33: Crecimiento por año | N33: =N32/C24 -> 0.24337431

Sheet Graph

Sheet Day
A5: Per Day | B5: Recurrent | C5: New | D5: Conversion
A6: Jan | B6: ='#1'!C7/31 -> 4838.7097 | C6: ='#1'!C8/31 -> 96.774194 | D6: ='#1'!C9/31 -> 2419354.8
A7: Feb | B7: ='#1'!D7/28 -> 5464.2857 | C7: ='#1'!D8/28 -> 109.28571 | D7: ='#1'!D9/28 -> 2732142.9
A8: Mar | B8: ='#1'!E7/31 -> 5034.1935 | C8: ='#1'!E8/31 -> 100.68387 | D8: ='#1'!E9/31 -> 2517096.8
A9: Apr | B9: ='#1'!F7/30 -> 5306.04 | C9: ='#1'!F8/30 -> 106.1208 | D9: ='#1'!F9/30 -> 2653020
A10: May | B10: ='#1'!G7/31 -> 5237.575 | C10: ='#1'!G8/31 -> 104.7515 | D10: ='#1'!G9/31 -> 2618787.5
A11: Jun | B11: ='#1'!H7/30 -> 5520.404 | C11: ='#1'!H8/30 -> 110.40808 | D11: ='#1'!H9/30 -> 2760202
A12: Jul | B12: ='#1'!I7/31 -> 5449.173 | C12: ='#1'!I8/31 -> 108.98346 | D12: ='#1'!I9/31 -> 2724586.5
A13: Aug | B13: ='#1'!J7/31 -> 5558.1565 | C13: ='#1'!J8/31 -> 111.16313 | D13: ='#1'!J9/31 -> 2779078.2
A14: Sep | B14: ='#1'!K7/30 -> 5858.2969 | C14: ='#1'!K8/30 -> 117.16594 | D14: ='#1'!K9/30 -> 2929148.5
A15: Oct | B15: ='#1'!L7/31 -> 5782.706 | C15: ='#1'!L8/31 -> 115.65412 | D15: ='#1'!L9/31 -> 2891353
A16: Nov | B16: ='#1'!M7/30 -> 6094.9721 | C16: ='#1'!M8/30 -> 121.89944 | D16: ='#1'!M9/31 -> 2949180
A17: Dec | B17: ='#1'!N7/31 -> 6016.3273 | C17: ='#1'!N8/12 -> 310.84358 | D17: ='#1'!N9/31 -> 3008163.6
